<?xml version="1.0" encoding="UTF-8" standalone="yes"?>
<addon id="plugin.audio.rektnetwork" name="The Rekt Network's Streams" version="0.0.1" provider-name="Z, BOFH">
  <requires>
    <import addon="xbmc.python" version="2.1.0"/>
  </requires>
  <extension point="xbmc.python.pluginsource" library="main.py">
    <provides>audio</provides>
  </extension>
    
  <extension point="xbmc.addon.metadata">
    <summary lang="en">Rekt Network</summary>
    <description lang="en">An Unoffical Kodi Addon for playing Rekt Network's streams.</description>
    <disclaimer lang="en"></disclaimer>
    <language></language>
    <platform>all</platform>
    <license></license>
    <forum></forum>
    <website>https://rekt.network/</website>
    <email></email>
    <source></source>
  </extension>
</addon>
